filename,mean
5.3.01.tiff,89.0075273513794
peppers.tif,104.20986938476562
Bike_grayscale.png,90.70600128173828
Sign_grayscale.png,78.07400512695312
Pond_grayscale.png,84.95015716552734
kodim20_org.png,175.0932820638021
kodim08_org.png,122.5885747273763
Hanok_grayscale.png,49.164276123046875
