filename,STD
5.3.01.tiff,57.92868980396702
peppers.tif,57.40303700304437
Bike_grayscale.png,81.52443238788746
Sign_grayscale.png,82.04083250161221
Pond_grayscale.png,82.53731429950841
kodim20_org.png,87.18955595504481
kodim08_org.png,63.28242184467529
Hanok_grayscale.png,45.30566024672336
